i want to speak to a real person,contact-agent
i want to speak to a live agent,contact-agent
I need to talk to a claims rep,contact-agent
i don't want to talk to a computer,contact-agent
I�۪d like to speak to a live claims representative.,contact-agent
please transfer me to a person,contact-agent
real person,contact-agent
real person please,contact-agent
I'd like to speak to a live claims representative.,contact-agent
need to talk to support person,contact-agent
you don't know anything. please connect me to an agent.,contact-agent
you're being rude,contact-agent
you're not helpful,contact-agent
you're not making sense,contact-agent
you are not helpful,contact-agent
agent please,contact-agent
can i talk to someone else?,contact-agent
can you escalate me?,contact-agent
claims representative please,contact-agent
have an agent call me,contact-agent
live agent,contact-agent
please redirect me,contact-agent
i want to talk to someone now,contact-agent
i want to talk to a Liberty agent,contact-agent
I want to talk to a human,contact-agent
transfer me to a claims representative,contact-agent
